Ajtók száma,Body Type,CO2-kibocsátás,Csomagtér térfogata,Dimensions and Weight,Első terepszög,Engine and Transmission,Equipment,Fordulási kör átmérője,General Information,Gumiméret,Gyorsulás 0-ról 100 km/h-ra,Gyártási időszak,Hajtás,Hasmagasság,Hasznos teher,Hengerek száma,Hengerelrendezés,Hengerűrtartalom,Hosszúság,Hátsó terepszög,Kategória,Kivitel,Környezetvédelmi osztály,Magasság,Maximális forgatónyomaték,Maximális teljesítmény,Országúti fogyasztás,Performance,Rámpaszög,Saját tömeg,Sebességváltó,Szállítható személyek száma,Szélesség,Tengelytáv,Vegyes fogyasztás,Városi fogyasztás,Végsebesség,Össztömeg,Újkori ára,Üzemanyag,Üzemanyagtank
4 ajtó,Not available,Not available,Not available,Not available,Not available,Not available,Not available,Not available,Not available,Not available,Not available,1977-1982,Első kerék,Not available,Not available,5 henger,Soros,2 119 cm³,Not available,Not available,Felső középkategória,Sedan,Not available,Not available,Not available,"85 kW, 116 LE",Not available,Not available,Not available,Not available,Manuális (4 fokozatú) sebességváltó,5 fő,Not available,Not available,Not available,Not available,Not available,Not available,Not available,Benzin,Not available
4 ajtó,Not available,Not available,Not available,Not available,Not available,Not available,Not available,Not available,Not available,165/82 SR14,Not available,1981-1982,Első kerék,Not available,460 kg,5 henger,Soros,1 921 cm³,Not available,Not available,Felső középkategória,Sedan,Not available,Not available,Not available,"74 kW, 101 LE",Not available,Not available,Not available,1 170 kg,Manuális (4 fokozatú) sebességváltó,5 fő,Not available,Not available,Not available,Not available,Not available,1 630 kg,Not available,Benzin,Not available
Not available,Not available,Not available,Not available,Not available,Not available,Not available,Not available,Not available,Not available,Not available,Not available,Not available,Not available,Not available,Not available,Not available,Not available,Not available,Not available,Not available,Not available,Not available,Not available,Not available,Not available,Not available,Not available,Not available,Not available,Not available,Not available,Not available,Not available,Not available,Not available,Not available,Not available,Not available,Not available,Not available,Not available
Not available,Not available,Not available,Not available,Not available,Not available,Not available,Not available,Not available,Not available,Not available,Not available,Not available,Not available,Not available,Not available,Not available,Not available,Not available,Not available,Not available,Not available,Not available,Not available,Not available,Not available,Not available,Not available,Not available,Not available,Not available,Not available,Not available,Not available,Not available,Not available,Not available,Not available,Not available,Not available,Not available,Not available
Not available,Not available,Not available,Not available,Not available,Not available,Not available,Not available,Not available,Not available,Not available,Not available,Not available,Not available,Not available,Not available,Not available,Not available,Not available,Not available,Not available,Not available,Not available,Not available,Not available,Not available,Not available,Not available,Not available,Not available,Not available,Not available,Not available,Not available,Not available,Not available,Not available,Not available,Not available,Not available,Not available,Not available
Not available,Not available,Not available,Not available,Not available,Not available,Not available,Not available,Not available,Not available,Not available,Not available,Not available,Not available,Not available,Not available,Not available,Not available,Not available,Not available,Not available,Not available,Not available,Not available,Not available,Not available,Not available,Not available,Not available,Not available,Not available,Not available,Not available,Not available,Not available,Not available,Not available,Not available,Not available,Not available,Not available,Not available
Not available,Not available,Not available,Not available,Not available,Not available,Not available,Not available,Not available,Not available,Not available,Not available,2006–,Hátsó kerék,Not available,Not available,8 henger,Not available,6 761 cm³,Not available,Not available,Not available,Coupe,Not available,Not available,Not available,"373 kW, 507 LE",Not available,Not available,Not available,Not available,Not available,Not available,Not available,Not available,Not available,Not available,Not available,Not available,Not available,Benzin,Not available
4 ajtó,Not available,Not available,Not available,Not available,Not available,Not available,Not available,Not available,Not available,Not available,Not available,1999-2001,Hátsó kerék,Not available,Not available,8 henger,Not available,4 398 cm³,Not available,Not available,Not available,Lépcsőshátú,Not available,Not available,Not available,"261 kW, 355 LE",Not available,Not available,Not available,Not available,Automata sebességváltó,Not available,Not available,Not available,Not available,Not available,Not available,Not available,Not available,Benzin,Not available
5 ajtó,Not available,176 g/km,330 l,Not available,Not available,Not available,"Biztonsági övek, hátul: hárompontos, Biztonsági övfeszítő rendszer, Csomagtérfedél távirányítás, Elektromos ablakemelők elöl, Fejtámlák elöl-hátul [5 db],, Fékrendszer: blokkolásgátló fékrendszer [ABS], , Fényszóró-távolságállítás belülről, elektromos, Fordulatszámmérő, Hátsó ablaktörlő berendezés, Indításblokkolás, Információs rendszer: fedélzeti számítógép, Járműstabilitás ellenőrzése: DSC, Kárpit: szövet,, Keréknyomás ellenőrző rendszer, , T, elektronikus, Kormánykerék: magasság-és távolságállítású, Központizár távirányítással, Külső hőmérsékletmérő, Külső visszapillantó tükrök a karosszéria színében, Külső visszapillantó tükrök elektromosan állíthatók, Légkondícionáló berendezés [AC],, Légzsák a vezető-és utasoldalon, fej-és oldallégzsákok elöl, , Műszerfal betétek: ezüst, Nem dohányzó csomag, Pótféklámpa [harmadik féklámpa], Rádió-magnó: BMW Business RDS,, Riasztóberendezés, , Sebességváltómű: 5 fokozatú mechanikus, Szélvédőüveg: ragasztott, Szépítkezőtükör a vezető és az utasoldalon,, Szervokormánymű, , Színezett üvegek: fény és hővédő, Ülések hátul: lehajtható és osztható, Ülések: állítható magasságú vezetőülés, Vészhárítók a karosszéria színében, Világítás: fehér irányjelzők, ködfényszórók elöl, ködzárófény [ködlámpa] hátul",11 m,Not available,195/55 R16 87,"10,8 s",2005-2007,Hátsó kerék,Not available,500 kg,4 henger,Soros,1 596 cm³,4 227 mm,Not available,Alsó középkategória,Ferdehátú,EURO 4,1 430 mm,150 Nm,"85 kW, 116 LE","5,9 l/100km",Not available,Not available,1 205 kg,Manuális (5 fokozatú) sebességváltó,5 fő,1 751 mm,2 660 mm,"7,5 l/100km","10,5 l/100km",200 km/h,1 705 kg,5 615 000 Ft,Benzin,50 l
5 ajtó,Not available,183 g/km,330 l,Not available,Not available,Not available,"Biztonsági övek, hátul: hárompontos, Biztonsági övfeszítő rendszer, Csomagtérfedél távirányítás, Elektromos ablakemelők elöl, Fejtámlák elöl-hátul [5 db],, Fékrendszer: blokkolásgátló fékrendszer [ABS], , Fényszóró-távolságállítás belülről, elektromos, Fordulatszámmérő, Hátsó ablaktörlő berendezés, Indításblokkolás, Információs rendszer: fedélzeti számítógép, Járműstabilitás ellenőrzése: DSC, Kárpit: szövet,, Keréknyomás ellenőrző rendszer, , T, elektronikus, Kormánykerék: magasság-és távolságállítású, Központizár távirányítással, Külső hőmérsékletmérő, Külső visszapillantó tükrök a karosszéria színében, Külső visszapillantó tükrök elektromosan állíthatók,, Légzsák a vezető-és utasoldalon, fej-és oldallégzsákok elöl, , Műszerfal betétek: ezüst, Nem dohányzó csomag, Pótféklámpa [harmadik féklámpa],, Riasztóberendezés, , Sebességváltómű: 6 fokozatú automata kézi kapcsolási lehetőséggel, Szélvédőüveg: ragasztott, Szépítkezőtükör a vezető és az utasoldalon,, Szervokormánymű, , Színezett üvegek: fény és hővédő, Ülések hátul: lehajtható és osztható, Ülések: állítható magasságú vezetőülés, Vészhárítók a karosszéria színében, Világítás: fehér irányjelzők, ködzárófény [ködlámpa] hátul",11 m,Not available,195/55 R16 87,"10,1 s",2005-2007,Hátsó kerék,Not available,500 kg,4 henger,Soros,1 995 cm³,4 227 mm,Not available,Alsó középkategória,Ferdehátú,EURO 4,1 430 mm,180 Nm,"95 kW, 129 LE","6,1 l/100km",Not available,Not available,1 260 kg,Automata (6 fokozatú tiptronic) sebességváltó,5 fő,1 751 mm,2 660 mm,"7,8 l/100km","10,7 l/100km",204 km/h,1 760 kg,7 119 500 Ft,Benzin,50 l
5 ajtó,Not available,186 g/km,330 l,Not available,Not available,Not available,"Biztonsági övek, hátul: hárompontos, Biztonsági övfeszítő rendszer, Csomagtérfedél távirányítás, Elektromos ablakemelők elöl, Elektromos ablakemelők hátul, Fejtámlák elöl-hátul [5 db],, Fékrendszer: blokkolásgátló fékrendszer [ABS], , Fényszóró-távolságállítás belülről, elektromos, Fordulatszámmérő, Hátsó ablaktörlő berendezés, Indításblokkolás, Információs rendszer: fedélzeti számítógép, Járműstabilitás ellenőrzése: DSC,, Keréknyomás ellenőrző rendszer, , T, elektronikus, Kormánykerék: magasság-és távolságállítású, Központizár távirányítással, Külső hőmérsékletmérő, Külső kiegészítő elemek fényezettek, Külső visszapillantó tükrök a karosszéria színében, Külső visszapillantó tükrök elektromosan állíthatók,, Légzsák a vezető-és utasoldalon, fej-és oldallégzsákok elöl, , Nem dohányzó csomag, Pótféklámpa [harmadik féklámpa],, Riasztóberendezés, , Sebességváltómű: 6 fokozatú automata kézi kapcsolási lehetőséggel, Szélvédőüveg: ragasztott, Szépítkezőtükör a vezető és az utasoldalon,, Szervokormánymű, , Színezett üvegek: fény és hővédő, Ülések hátul: lehajtható és osztható, Ülések: állítható magasságú vezetőülés, Vészhárítók a karosszéria színében, Kárpit: szövet, szövet [speciális], Világítás: fehér irányjelzők, ködzárófény [ködlámpa] hátul",11 m,Not available,195/55 R16 87,"9,2 s",2004-2007,Hátsó kerék,Not available,500 kg,4 henger,Soros,1 995 cm³,4 227 mm,Not available,Alsó középkategória,Ferdehátú,EURO 4,1 430 mm,200 Nm,"110 kW, 150 LE","6,2 l/100km",Not available,Not available,1 275 kg,Automata (6 fokozatú tiptronic) sebességváltó,5 fő,1 751 mm,2 660 mm,"7,9 l/100km","11,0 l/100km",213 km/h,1 775 kg,7 662 500 Ft,Benzin,50 l
5 ajtó,Not available,147 g/km,330 l,Not available,Not available,Not available,"Biztonsági övek, hátul: hárompontos, Biztonsági övfeszítő rendszer, Csomagtérfedél távirányítás, Elektromos ablakemelők elöl, Fejtámlák elöl-hátul [5 db],, Fékrendszer: blokkolásgátló fékrendszer [ABS], , Fényszóró-távolságállítás belülről, elektromos, Fordulatszámmérő, Hátsó ablaktörlő berendezés, Indításblokkolás, Információs rendszer: fedélzeti számítógép, Járműstabilitás ellenőrzése: DSC,, Keréknyomás ellenőrző rendszer, , T, elektronikus, Kormánykerék: magasság-és távolságállítású, Központizár távirányítással, Külső hőmérsékletmérő, Külső visszapillantó tükrök a karosszéria színében, Külső visszapillantó tükrök elektromosan állíthatók,, Légzsák a vezető-és utasoldalon, fej-és oldallégzsákok elöl, , Műszerfal betétek: ezüst, Nem dohányzó csomag, Pótféklámpa [harmadik féklámpa],, Riasztóberendezés, , Sebességváltómű: 6 fokozatú mechanikus, Szélvédőüveg: ragasztott, Szépítkezőtükör a vezető és az utasoldalon,, Szervokormánymű, , Színezett üvegek: fény és hővédő, Ülések hátul: lehajtható és osztható, Ülések: állítható magasságú vezetőülés, Vészhárítók a karosszéria színében, Kárpit: szövet, szövet [speciális], Világítás: fehér irányjelzők, ködzárófény [ködlámpa] hátul",11 m,Not available,195/55 R16 87,"10,0 s",2004-2007,Hátsó kerék,Not available,500 kg,4 henger,Soros,1 995 cm³,4 227 mm,Not available,Alsó középkategória,Ferdehátú,EURO 4,1 430 mm,340 Nm,"90 kW, 122 LE","4,5 l/100km",Not available,Not available,1 310 kg,Manuális (6 fokozatú) sebességváltó,5 fő,1 751 mm,2 660 mm,"5,6 l/100km","7,7 l/100km",201 km/h,1 810 kg,6 449 000 Ft,Dízel,50 l
Not available,Not available,Not available,Not available,Not available,Not available,Not available,Not available,Not available,Not available,Not available,Not available,Not available,Not available,Not available,Not available,Not available,Not available,Not available,Not available,Not available,Not available,Not available,Not available,Not available,Not available,Not available,Not available,Not available,Not available,Not available,Not available,Not available,Not available,Not available,Not available,Not available,Not available,Not available,Not available,Not available,Not available
Not available,Not available,Not available,Not available,Not available,Not available,Not available,Not available,Not available,Not available,Not available,Not available,Not available,Not available,Not available,Not available,Not available,Not available,Not available,Not available,Not available,Not available,Not available,Not available,Not available,Not available,Not available,Not available,Not available,Not available,Not available,Not available,Not available,Not available,Not available,Not available,Not available,Not available,Not available,Not available,Not available,Not available
2 ajtó,Not available,Not available,Not available,Not available,Not available,Not available,Not available,Not available,Not available,Not available,Not available,1989-1992,Hátsó kerék,Not available,Not available,8 henger,Not available,4 467 cm³,Not available,Not available,Not available,Cabrio,Not available,Not available,Not available,"149 kW, 203 LE",Not available,Not available,Not available,Not available,Automata sebességváltó,Not available,Not available,Not available,Not available,Not available,Not available,Not available,Not available,Benzin,Not available
4 ajtó,Not available,195 g/km,425 l,Not available,Not available,Not available,"Audio-rendszer 7 hangszóróval, Biztonsági öv hátul, középen: hárompontos,, Biztonsági övfeszítő rendszer: pirotechnikai, , Defektkijelzés, Elektromos ablakemelők elöl-hátul, Fejtámlák elöl-hátul [4 db],, Fékrendszer: blokkolásgátló fékrendszer [ABS], , Fordulatszámmérő, Indításblokkolás, Információs rendszer: fedélzeti számítógép, Kartámla elöl-hátul,, Kipörgésgátló [ASR], , Könnyűfém keréktárcsák: 16', Központizár távirányítással, Külső hőmérsékletmérő, Külső visszapillantó tükrök elektromosan behajthatók, fűthetőkés állíthatók, Légkondícionáló berendezés [AC],, Légzsák a vezető-és utasoldalon, oldallégzsákok elöl, ,, Légzsák, fejlégzsákok elöl, , Olvasólámpák elöl-hátul, Pohártartó hátul, Rádió-CD MP3 lejátszóval, Sebességszabályozó [tempomat], Sebességváltómű: 6 fokozatú mechanikus, Szépítkezőtükör megvilágítással,, Szervokormánymű: sebességfüggő, , Színezett üvegek, Ülések hátul: lehajtható és osztható, Világítás: kilépővilágítás, Kormánykerék: bőr, multifunkciós, magasság-és távolságállítású",Not available,Not available,215/55 R16,Not available,2007-2009,Első kerék,Not available,530 kg,4 henger,Soros,1 998 cm³,4 679 mm,Not available,Középkategória,Sedan,EURO 4,1 433 mm,265 Nm,"130 kW, 177 LE","6,4 l/100km",Not available,Not available,1 460 kg,Manuális (6 fokozatú) sebességváltó,5 fő,1 753 mm,2 675 mm,"8,3 l/100km","11,5 l/100km",Not available,1 990 kg,8 186 500 Ft,Benzin,58 l
Not available,Not available,Not available,Not available,Not available,Not available,Not available,Not available,Not available,Not available,Not available,Not available,1972-1983,Első kerék,Not available,Not available,4 henger,Not available,1 289 cm³,Not available,Not available,Not available,Kombi,Not available,Not available,Not available,"40 kW, 54 LE",Not available,Not available,Not available,Not available,Not available,Not available,Not available,Not available,Not available,Not available,Not available,Not available,Not available,Benzin,Not available
Not available,Not available,Not available,Not available,Not available,Not available,Not available,Not available,Not available,Not available,Not available,Not available,Not available,Not available,Not available,Not available,Not available,Not available,Not available,Not available,Not available,Not available,Not available,Not available,Not available,Not available,Not available,Not available,Not available,Not available,Not available,Not available,Not available,Not available,Not available,Not available,Not available,Not available,Not available,Not available,Not available,Not available
Not available,Not available,Not available,Not available,Not available,Not available,Not available,Not available,Not available,Not available,Not available,Not available,Not available,Not available,Not available,Not available,Not available,Not available,Not available,Not available,Not available,Not available,Not available,Not available,Not available,Not available,Not available,Not available,Not available,Not available,Not available,Not available,Not available,Not available,Not available,Not available,Not available,Not available,Not available,Not available,Not available,Not available
4 ajtó,Not available,Not available,Not available,Not available,Not available,Not available,Not available,Not available,Not available,175/80 R14,Not available,1995-1997,Első kerék,Not available,730 kg,4 henger,Soros,1 397 cm³,Not available,Not available,Kishaszongépjármű,Duplakabinos alváz,Not available,Not available,Not available,"46 kW, 63 LE",Not available,Not available,Not available,1 500 kg,Manuális (5 fokozatú) sebességváltó,5 fő,Not available,2 795 mm,Not available,Not available,Not available,2 230 kg,Not available,Benzin,Not available
Not available,Not available,Not available,Not available,Not available,Not available,Not available,Not available,Not available,Not available,Not available,Not available,Not available,Not available,Not available,Not available,Not available,Not available,Not available,Not available,Not available,Not available,Not available,Not available,Not available,Not available,Not available,Not available,Not available,Not available,Not available,Not available,Not available,Not available,Not available,Not available,Not available,Not available,Not available,Not available,Not available,Not available
Not available,Not available,Not available,Not available,Not available,Not available,Not available,Not available,Not available,Not available,Not available,Not available,Not available,Not available,Not available,Not available,Not available,Not available,Not available,Not available,Not available,Not available,Not available,Not available,Not available,Not available,Not available,Not available,Not available,Not available,Not available,Not available,Not available,Not available,Not available,Not available,Not available,Not available,Not available,Not available,Not available,Not available
4 ajtó,Not available,Not available,560 l,Not available,Not available,Not available,Not available,Not available,Not available,185/65 R14,"11,0 s",1995-1998,Első kerék,Not available,472 kg,4 henger,Soros,1 796 cm³,4 615 mm,Not available,Középkategória,Sedan,Not available,1 388 mm,145 Nm,"70 kW, 95 LE",Not available,Not available,Not available,1 108 kg,Manuális (5 fokozatú) sebességváltó,5 fő,1 718 mm,2 620 mm,Not available,Not available,180 km/h,1 580 kg,Not available,Benzin,50 l
Not available,Not available,Not available,Not available,Not available,Not available,Not available,Not available,Not available,Not available,Not available,Not available,Not available,Not available,Not available,Not available,Not available,Not available,Not available,Not available,Not available,Not available,Not available,Not available,Not available,Not available,Not available,Not available,Not available,Not available,Not available,Not available,Not available,Not available,Not available,Not available,Not available,Not available,Not available,Not available,Not available,Not available
5 ajtó,Not available,Not available,336 l,Not available,Not available,Not available,"Bel.áll.külső vp. tükrök [2 db], Fejtámlák [2 db], Fordulatszámmérő,, Katalizátor, , Mechanikus váltó, 5-fokozatú,, Színezett üvegezés",Not available,Not available,175/70 R13 H,"9,8 s",1989-1992,Első kerék,Not available,435 kg,4 henger,Soros,1 589 cm³,4 260 mm,Not available,Alsó középkategória,Ferdehátú,Not available,1 375 mm,134 Nm,"77 kW, 105 LE",Not available,Not available,Not available,985 kg,Manuális (5 fokozatú) sebességváltó,5 fő,1 660 mm,2 470 mm,Not available,Not available,185 km/h,1 420 kg,1 150 000 Ft,Benzin,50 l
5 ajtó,Not available,Not available,336 l,Not available,Not available,Not available,"El.áll., fűth.k.vp. tükrök [2 db], Elektromos ablakemelők [2 db], Fejtámlák [4 db], Fordulatszámmérő, Hátsó ülés,  osztható,, Katalizátor, , Központizár, Mechanikus váltó, 5-fokozatú,, Szervokormánymű, ,, Színezett üvegezés",Not available,Not available,185/60 R14 H,"9,8 s",1989-1992,Első kerék,Not available,435 kg,4 henger,Soros,1 589 cm³,4 260 mm,Not available,Alsó középkategória,Ferdehátú,Not available,1 375 mm,134 Nm,"77 kW, 105 LE",Not available,Not available,Not available,985 kg,Manuális (5 fokozatú) sebességváltó,5 fő,1 660 mm,2 470 mm,Not available,Not available,185 km/h,1 420 kg,1 290 000 Ft,Benzin,50 l
5 ajtó,Not available,177 g/km,336 l,Not available,Not available,Not available,"Bel.áll.külső vp. tükrök [2 db], Fejtámlák [4 db], Fordulatszámmérő, Hátsó ülés,  osztható,, Katalizátor, , Mechanikus váltó, 5-fokozatú,, Szervokormánymű, ,, Színezett üvegezés",Not available,Not available,175/70 R13 H,"9,8 s",1992-1997,Első kerék,Not available,465 kg,4 henger,Soros,1 589 cm³,4 260 mm,Not available,Alsó középkategória,Ferdehátú,Not available,1 375 mm,134 Nm,"77 kW, 105 LE","10,1 l/100km",Not available,Not available,955 kg,Manuális (5 fokozatú) sebességváltó,5 fő,1 660 mm,2 470 mm,"7,4 l/100km","5,9 l/100km",185 km/h,1 420 kg,1 399 900 Ft,Benzin,50 l
Not available,Not available,Not available,Not available,Not available,Not available,Not available,Not available,Not available,Not available,Not available,Not available,Not available,Not available,Not available,Not available,Not available,Not available,Not available,Not available,Not available,Not available,Not available,Not available,Not available,Not available,Not available,Not available,Not available,Not available,Not available,Not available,Not available,Not available,Not available,Not available,Not available,Not available,Not available,Not available,Not available,Not available
Not available,Not available,Not available,Not available,Not available,Not available,Not available,Not available,Not available,Not available,Not available,Not available,Not available,Not available,Not available,Not available,Not available,Not available,Not available,Not available,Not available,Not available,Not available,Not available,Not available,Not available,Not available,Not available,Not available,Not available,Not available,Not available,Not available,Not available,Not available,Not available,Not available,Not available,Not available,Not available,Not available,Not available
2 ajtó,Not available,Not available,Not available,Not available,Not available,Not available,Not available,Not available,Not available,Not available,Not available,1986.,Első kerék,Not available,Not available,4 henger,Not available,2 507 cm³,Not available,Not available,Not available,Cabrio,Not available,Not available,Not available,"75 kW, 102 LE",Not available,Not available,Not available,Not available,Not available,Not available,Not available,Not available,Not available,Not available,Not available,Not available,Not available,Benzin,Not available
2 ajtó,Not available,Not available,Not available,Not available,Not available,Not available,Not available,Not available,Not available,Not available,Not available,1984-1985,Első kerék,Not available,Not available,4 henger,Not available,2 555 cm³,Not available,Not available,Not available,Coupe,Not available,Not available,Not available,"75 kW, 102 LE",Not available,Not available,Not available,Not available,Not available,Not available,Not available,Not available,Not available,Not available,Not available,Not available,Not available,Benzin,Not available
Not available,Not available,Not available,Not available,Not available,Not available,Not available,Not available,Not available,Not available,Not available,Not available,Not available,Not available,Not available,Not available,Not available,Not available,Not available,Not available,Not available,Not available,Not available,Not available,Not available,Not available,Not available,Not available,Not available,Not available,Not available,Not available,Not available,Not available,Not available,Not available,Not available,Not available,Not available,Not available,Not available,Not available
Not available,Not available,Not available,Not available,Not available,Not available,Not available,Not available,Not available,Not available,Not available,Not available,Not available,Not available,Not available,Not available,Not available,Not available,Not available,Not available,Not available,Not available,Not available,Not available,Not available,Not available,Not available,Not available,Not available,Not available,Not available,Not available,Not available,Not available,Not available,Not available,Not available,Not available,Not available,Not available,Not available,Not available
Not available,Not available,Not available,Not available,Not available,Not available,Not available,Not available,Not available,Not available,Not available,Not available,Not available,Not available,Not available,Not available,Not available,Not available,Not available,Not available,Not available,Not available,Not available,Not available,Not available,Not available,Not available,Not available,Not available,Not available,Not available,Not available,Not available,Not available,Not available,Not available,Not available,Not available,Not available,Not available,Not available,Not available
Not available,Not available,Not available,Not available,Not available,Not available,Not available,Not available,Not available,Not available,Not available,Not available,Not available,Not available,Not available,Not available,Not available,Not available,Not available,Not available,Not available,Not available,Not available,Not available,Not available,Not available,Not available,Not available,Not available,Not available,Not available,Not available,Not available,Not available,Not available,Not available,Not available,Not available,Not available,Not available,Not available,Not available
Not available,Not available,Not available,Not available,Not available,Not available,Not available,Not available,Not available,Not available,Not available,Not available,1985.,Hátsó kerék,Not available,Not available,8 henger,Not available,2 927 cm³,Not available,Not available,Not available,Lépcsőshátú,Not available,Not available,Not available,Not available,Not available,Not available,Not available,Not available,Not available,Not available,Not available,Not available,Not available,Not available,Not available,Not available,Not available,Benzin,Not available
Not available,Not available,Not available,Not available,Not available,Not available,Not available,Not available,Not available,Not available,Not available,Not available,1964–,Hátsó kerék,Not available,Not available,4 henger,Not available,1 221 cm³,Not available,Not available,Not available,Lépcsőshátú,Not available,Not available,Not available,Not available,Not available,Not available,Not available,Not available,Not available,Not available,Not available,Not available,Not available,Not available,Not available,Not available,Not available,Benzin,Not available
Not available,Not available,Not available,Not available,Not available,Not available,Not available,Not available,Not available,Not available,Not available,Not available,1969-1973,Hátsó kerék,Not available,Not available,4 henger,Soros,1 592 cm³,Not available,Not available,Not available,Cabrio,Not available,Not available,Not available,"74 kW, 101 LE",Not available,Not available,Not available,Not available,Not available,Not available,Not available,Not available,Not available,Not available,Not available,Not available,Not available,Benzin,Not available
Not available,Not available,Not available,Not available,Not available,Not available,Not available,Not available,Not available,Not available,Not available,Not available,Not available,Not available,Not available,Not available,Not available,Not available,Not available,Not available,Not available,Not available,Not available,Not available,Not available,Not available,Not available,Not available,Not available,Not available,Not available,Not available,Not available,Not available,Not available,Not available,Not available,Not available,Not available,Not available,Not available,Not available
Not available,Not available,Not available,Not available,Not available,Not available,Not available,Not available,Not available,Not available,Not available,Not available,1973-1975,Hátsó kerék,Not available,Not available,4 henger,Not available,1 739 cm³,Not available,Not available,Not available,Cabrio,Not available,Not available,Not available,"82 kW, 112 LE",Not available,Not available,Not available,Not available,Not available,Not available,Not available,Not available,Not available,Not available,Not available,Not available,Not available,Benzin,Not available
Not available,Not available,Not available,Not available,Not available,Not available,Not available,Not available,Not available,Not available,Not available,Not available,Not available,Not available,Not available,Not available,Not available,Not available,Not available,Not available,Not available,Not available,Not available,Not available,Not available,Not available,Not available,Not available,Not available,Not available,Not available,Not available,Not available,Not available,Not available,Not available,Not available,Not available,Not available,Not available,Not available,Not available
Not available,Not available,Not available,Not available,Not available,Not available,Not available,Not available,Not available,Not available,Not available,Not available,Not available,Not available,Not available,Not available,Not available,Not available,Not available,Not available,Not available,Not available,Not available,Not available,Not available,Not available,Not available,Not available,Not available,Not available,Not available,Not available,Not available,Not available,Not available,Not available,Not available,Not available,Not available,Not available,Not available,Not available
2 ajtó,Not available,Not available,Not available,Not available,Not available,Not available,Not available,Not available,Not available,Not available,Not available,1990-1995,Összkerék,Not available,Not available,6 henger,Not available,4 015 cm³,Not available,Not available,Not available,Not available,Not available,Not available,Not available,"116 kW, 158 LE",Not available,Not available,Not available,Not available,Not available,Not available,Not available,Not available,Not available,Not available,Not available,Not available,Not available,Benzin,Not available
2 ajtó,Not available,Not available,Not available,Not available,Not available,Not available,Not available,Not available,Not available,Not available,Not available,1986.,Hátsó kerék,Not available,Not available,6 henger,Not available,2 802 cm³,Not available,Not available,Not available,Egyterű,Not available,Not available,Not available,"86 kW, 117 LE",Not available,Not available,Not available,Not available,Not available,Not available,Not available,Not available,Not available,Not available,Not available,Not available,Not available,Benzin,Not available
Not available,Not available,Not available,Not available,Not available,Not available,Not available,Not available,Not available,Not available,Not available,Not available,Not available,Not available,Not available,Not available,Not available,Not available,Not available,Not available,Not available,Not available,Not available,Not available,Not available,Not available,Not available,Not available,Not available,Not available,Not available,Not available,Not available,Not available,Not available,Not available,Not available,Not available,Not available,Not available,Not available,Not available
2 ajtó,Not available,Not available,Not available,Not available,Not available,Not available,Not available,Not available,Not available,155/82 SR13,Not available,1977-1982,Első kerék,Not available,Not available,4 henger,Soros,1 602 cm³,Not available,Not available,Középkategória,Ferdehátú,Not available,Not available,Not available,"59 kW, 80 LE",Not available,Not available,Not available,Not available,Manuális (5 fokozatú) sebességváltó,5 fő,Not available,Not available,Not available,Not available,Not available,Not available,Not available,Benzin,Not available
4 ajtó,Not available,Not available,Not available,Not available,Not available,Not available,Not available,Not available,Not available,165/80 SR13,Not available,1982-1984,Első kerék,Not available,530 kg,4 henger,Soros,1 602 cm³,Not available,Not available,Középkategória,Sedan,Not available,Not available,Not available,"59 kW, 80 LE",Not available,Not available,Not available,990 kg,Manuális (5 fokozatú) sebességváltó,5 fő,Not available,Not available,Not available,Not available,Not available,1 520 kg,Not available,Benzin,Not available
Not available,Not available,Not available,Not available,Not available,Not available,Not available,Not available,Not available,Not available,Not available,Not available,Not available,Not available,Not available,Not available,Not available,Not available,Not available,Not available,Not available,Not available,Not available,Not available,Not available,Not available,Not available,Not available,Not available,Not available,Not available,Not available,Not available,Not available,Not available,Not available,Not available,Not available,Not available,Not available,Not available,Not available
3 ajtó,Not available,174 g/km,342 l,Not available,Not available,Not available,Not available,Not available,Not available,155/80 R13 79 S,"16,9 s",1995-1997,Első kerék,Not available,454 kg,4 henger,Soros,1 341 cm³,4 103 mm,Not available,Alsó középkategória,Ferdehátú,Not available,1 394 mm,Not available,"44 kW, 60 LE","6,3 l/100km",Not available,Not available,1 026 kg,Manuális (5 fokozatú) sebességváltó,5 fő,1 620 mm,2 400 mm,"7,4 l/100km","9,2 l/100km",155 km/h,1 480 kg,Not available,Benzin,45 l
3 ajtó,Not available,Not available,342 l,Not available,Not available,Not available,Not available,Not available,Not available,155/80 R13,Not available,1995-1997,Első kerék,Not available,454 kg,4 henger,Soros,1 341 cm³,4 103 mm,Not available,Alsó középkategória,Ferdehátú,Not available,1 394 mm,Not available,"62 kW, 84 LE",Not available,Not available,Not available,1 026 kg,Manuális (5 fokozatú) sebességváltó,5 fő,1 620 mm,2 400 mm,Not available,Not available,Not available,1 480 kg,Not available,Benzin,45 l
3 ajtó,Not available,Not available,342 l,Not available,Not available,Not available,"Fejtámlák elöl-hátul [4 db], Fényezés: metál/mica, Hátsó ablaktörlő-mosó berendezés,, Katalizátor, , Külső visszapillantó tükrök: belülről állíthatók, Rádió-magnó, Sebességváltómű: 5 fokozatú mechanikus",Not available,Not available,155/80 R13,"11,7 s",1995-1997,Első kerék,Not available,480 kg,4 henger,Soros,1 495 cm³,4 103 mm,Not available,Alsó középkategória,Ferdehátú,Not available,1 394 mm,130 Nm,"66 kW, 90 LE",Not available,Not available,Not available,960 kg,Manuális (5 fokozatú) sebességváltó,5 fő,1 620 mm,2 400 mm,Not available,Not available,176 km/h,1 440 kg,1 875 000 Ft,Benzin,45 l
3 ajtó,Not available,Not available,342 l,Not available,Not available,Not available,"Elektromos ablakemelők elöl, Fejtámlák elöl-hátul [4 db], Fényezés: metál/mica, Fordulatszámmérő, Hátsó ablaktörlő-mosó berendezés, Indításblokkolás,, Katalizátor, , Könnyűfém keréktárcsa [4 db], Külső visszapillantó tükrök elektromosan állíthatók,, Légzsák a vezető-és utasoldalon, , 4 hangszóró, Sebességváltómű: 5 fokozatú mechanikus,, Szervokormánymű, , Világítás: ködfényszórók elöl",Not available,Not available,175/70 R13,"11,7 s",1996-1997,Első kerék,Not available,480 kg,4 henger,Soros,1 495 cm³,4 103 mm,Not available,Alsó középkategória,Ferdehátú,Not available,1 394 mm,130 Nm,"66 kW, 90 LE",Not available,Not available,Not available,960 kg,Manuális (5 fokozatú) sebességváltó,5 fő,1 620 mm,2 400 mm,Not available,Not available,176 km/h,1 440 kg,2 450 000 Ft,Benzin,45 l
Not available,Not available,Not available,Not available,Not available,Not available,Not available,Not available,Not available,Not available,Not available,Not available,Not available,Not available,Not available,Not available,Not available,Not available,Not available,Not available,Not available,Not available,Not available,Not available,Not available,Not available,Not available,Not available,Not available,Not available,Not available,Not available,Not available,Not available,Not available,Not available,Not available,Not available,Not available,Not available,Not available,Not available
Not available,Not available,Not available,Not available,Not available,Not available,Not available,Not available,Not available,Not available,Not available,Not available,Not available,Not available,Not available,Not available,Not available,Not available,Not available,Not available,Not available,Not available,Not available,Not available,Not available,Not available,Not available,Not available,Not available,Not available,Not available,Not available,Not available,Not available,Not available,Not available,Not available,Not available,Not available,Not available,Not available,Not available
5 ajtó,Not available,270 g/km,340 l,Not available,Not available,Not available,"Audio-rendszer 7 hangszóróval, Belső visszapillantó tükör, automatikusan sötétedő, CD váltó, Csomagtérháló, Elektromos ablakemelők elöl-hátul, Erőátvitel: összkerékhajtás [4WD],, ASR [kipörgésgátló], , Fejtámlák elöl-hátul [5 db],, Fékrendszer: blokkolásgátló fékrendszer [ABS], ,, Fény és esőszenzor, , Fényszóró-távolságállítás belülről, Fordulatszámmérő, Függönylégzsák [windowbag] elöl-hátul, Gyermekülés előkészítés [ISOFIX], Indításblokkolás, Információs rendszer: színes vezetői információs rendszer, Intelligens kulcs, Kárpit: szövet, bőrbevonatú sebességváltókar, Kormánykerék: magasság-és távolságállítású, Könnyűfém keréktárcsák: 18'-os, Központizár távirányítással, Külső visszapillantó tükrök elektromosan behajthatók, fűthetőkés állíthatók, Külső visszapillantó tükrök és kilincsek a karosszéria színében, Légkondícionáló berendezés [ACC] automatikus,, Légzsák a vezető-és utasoldalon, oldallégzsákok elöl, , Pótkerék: pótkerék helyett abroncsjavító készlet, kormányról vezérelhető rádió,, Rádiótelefon rendszer: vezeték nélküli kapcsolattal [Bluetooth], , Sebességszabályozó [tempomat], Sebességváltó kapcsoló a kormánykeréken, Sebességváltómű: 7 fokozatú automata,, Szervokormánymű: sebességfüggő, , Színezett üvegek, Színezett üvegek: sötétített üvegek az utastérben, Ultrahangos parkolásirányító rendszer elöl-hátul,, Világítás: Bi-Xenon fényszórók fényszórómosó berendezéssel, , Világítás: ködfényszórók elöl, Ülések hátul: 1/3-2/3 arányban osztott, elektromosan állítható, Ülések: deréktámasz állítási lehetőség a vezetőülésnél, elektromosan állítható utasülés, elektromosan állítható vezetőülés",11 m,Not available,225/55 R18,"6,4 s",2010-2011,Összkerék,148 mm,474 kg,6 henger,V,3 696 cm³,4 635 mm,Not available,Terepjáró,Városi terepjáró (crossover),EURO 5,1 575 mm,360 Nm,"235 kW, 320 LE","8,6 l/100km",Not available,"15,5º",1 876 kg,Automata (7 fokozatú tiptronic) sebességváltó,5 fő,1 800 mm,2 800 mm,"11,3 l/100km","16,0 l/100km",240 km/h,2 350 kg,16 125 000 Ft,Benzin,80 l
5 ajtó,Not available,270 g/km,340 l,Not available,"17,0º",Not available,"Audio-rendszer 7 hangszóróval, Audiorendszer: Bose Premium Sound System 11 hangszóróval, Belső visszapillantó tükör, automatikusan sötétedő, CD váltó, Connectiviti, Csomagtérháló, Elektromos ablakemelők elöl-hátul, Erőátvitel: összkerékhajtás [4WD],, ASR [kipörgésgátló], , Fejtámlák elöl-hátul [5 db],, Fékrendszer: blokkolásgátló fékrendszer [ABS], ,, Fény és esőszenzor, , Fényszóró-távolságállítás belülről, Fordulatszámmérő, Függönylégzsák [windowbag] elöl-hátul, Gyermekülés előkészítés [ISOFIX], Indításblokkolás, Információs rendszer: színes vezetői információs rendszer, Intelligens kulcs, Kárpit: bőr, bőrbevonatú sebességváltókar, Kormánykerék: magasság-és távolságállítású, elektromos,memóriával, Központizár távirányítással, Külső visszapillantó tükrök elektromosan behajthatók, fűthetőkés állíthatók, Külső visszapillantó tükrök és kilincsek a karosszéria színében, Külső visszapillantó tükrök memóriával, Légkondícionáló berendezés [ACC] automatikus,, Légzsák a vezető-és utasoldalon, oldallégzsákok elöl, , kormányról vezérelhető rádió,, Rádiótelefon rendszer: vezeték nélküli kapcsolattal [Bluetooth], , Ruhatartó, Sebességszabályozó [tempomat], Sebességváltó kapcsoló a kormánykeréken, Sebességváltómű: 7 fokozatú automata,, Szervokormánymű: sebességfüggő, , Színezett üvegek, Színezett üvegek: sötétített üvegek az utastérben, Ultrahangos parkolásirányító rendszer elöl-hátul, Ülésfűtés: fűthető ülések elöl,, Világítás: Bi-Xenon fényszórók fényszórómosó berendezéssel, , Világítás: ködfényszórók elöl, Könnyűfém keréktárcsák: 18'-os, 19'-os, Pótkerék: normál méretű, pótkerék helyett abroncsjavító készlet, Ülések hátul: 1/3-2/3 arányban osztott, elektromosan állítható, Ülések: deréktámasz állítási lehetőség a vezetőülésnél, elektromosan állítható első ülések, programozhatóvezetőüléssel",11 m,Not available,245/45 R19,"6,4 s",2010-2013,Összkerék,148 mm,474 kg,6 henger,V,3 696 cm³,4 635 mm,"20,0º",Terepjáró,Városi terepjáró (crossover),EURO 5,1 575 mm,360 Nm,"235 kW, 320 LE","8,6 l/100km",Not available,"15,5º",1 876 kg,Automata (7 fokozatú tiptronic) sebességváltó,5 fő,1 800 mm,2 800 mm,"11,3 l/100km","16,0 l/100km",240 km/h,2 350 kg,15 378 900 Ft,Benzin,80 l
Not available,Not available,Not available,Not available,Not available,Not available,Not available,Not available,Not available,Not available,Not available,Not available,Not available,Not available,Not available,Not available,Not available,Not available,Not available,Not available,Not available,Not available,Not available,Not available,Not available,Not available,Not available,Not available,Not available,Not available,Not available,Not available,Not available,Not available,Not available,Not available,Not available,Not available,Not available,Not available,Not available,Not available
Not available,Not available,Not available,Not available,Not available,Not available,Not available,Not available,Not available,Not available,Not available,Not available,Not available,Not available,Not available,Not available,Not available,Not available,Not available,Not available,Not available,Not available,Not available,Not available,Not available,Not available,Not available,Not available,Not available,Not available,Not available,Not available,Not available,Not available,Not available,Not available,Not available,Not available,Not available,Not available,Not available,Not available
5 ajtó,Not available,Not available,Not available,Not available,Not available,Not available,Erőátvitel: összkerékhajtás [4WD],Not available,Not available,215/75 R15,Not available,1988-1991,Összkerék,Not available,Not available,6 henger,Soros,3 964 cm³,Not available,Not available,Terepjáró,Városi terepjáró (crossover),Not available,Not available,298 Nm,"126 kW, 171 LE",Not available,Not available,Not available,Not available,Manuális (5 fokozatú) sebességváltó,5 fő,Not available,2 576 mm,Not available,Not available,Not available,Not available,Not available,Benzin,Not available
Not available,Not available,Not available,Not available,Not available,Not available,Not available,Not available,Not available,Not available,Not available,Not available,Not available,Not available,Not available,Not available,Not available,Not available,Not available,Not available,Not available,Not available,Not available,Not available,Not available,Not available,Not available,Not available,Not available,Not available,Not available,Not available,Not available,Not available,Not available,Not available,Not available,Not available,Not available,Not available,Not available,Not available
3 ajtó,Not available,Not available,Not available,Not available,Not available,Not available,Not available,Not available,Not available,135/82 SR13,Not available,1981-1983,Első kerék,Not available,400 kg,4 henger,Soros,965 cm³,Not available,Not available,Miniautók,Ferdehátú,Not available,Not available,Not available,"35 kW, 48 LE",Not available,Not available,Not available,675 kg,Manuális (5 fokozatú) sebességváltó,4 fő,Not available,Not available,Not available,Not available,Not available,1 075 kg,Not available,Benzin,Not available
3 ajtó,Not available,Not available,Not available,Not available,Not available,Not available,Not available,Not available,Not available,Not available,Not available,1981-1985,Első kerék,Not available,Not available,4 henger,Soros,1 000 cm³,Not available,Not available,Miniautók,Ferdehátú,Not available,Not available,Not available,"51 kW, 69 LE",Not available,Not available,Not available,Not available,Manuális (4 fokozatú) sebességváltó,4 fő,Not available,Not available,Not available,Not available,Not available,Not available,Not available,Benzin,Not available
Not available,Not available,Not available,Not available,Not available,Not available,Not available,Not available,Not available,Not available,Not available,Not available,Not available,Not available,Not available,Not available,Not available,Not available,Not available,Not available,Not available,Not available,Not available,Not available,Not available,Not available,Not available,Not available,Not available,Not available,Not available,Not available,Not available,Not available,Not available,Not available,Not available,Not available,Not available,Not available,Not available,Not available
2 ajtó,Not available,Not available,Not available,Not available,Not available,Not available,Not available,Not available,Not available,Not available,Not available,1980-1982,Első kerék,Not available,Not available,Not available,Not available,1 600 cm³,Not available,Not available,Középkategória,Coupe,Not available,Not available,Not available,"74 kW, 101 LE",Not available,Not available,Not available,Not available,Manuális (4 fokozatú) sebességváltó,4 fő,Not available,Not available,Not available,Not available,Not available,Not available,Not available,Benzin,Not available
2 ajtó,Not available,219 g/km,Not available,Not available,Not available,Not available,"12 V-os csatlakozó,, Ablaktörlő berendezés esőszenzorral, , AMG-Styling, Audio-rendszer 6 hangszóróval, Beépített segélyhívó rendszer, Csomagrögzítő oldalháló, Éberség figyelő rendszer - ATTENTION ASSIST, Elektromos ablakemelők elöl-hátul, Fejtámlák elöl [2 db], Fekete tetőkárpit,, Fékrendszer: blokkolásgátló fékrendszer [ABS], , Fordulatszámmérő, Futóműkialakítás: sportfutómű, Garancia Plusz: 4 év / 120000km, Hátsó differenciálzár, Hegymenet asszisztens, Indításblokkolás, Információs rendszer: fedélzeti számítógép,, Járműstabilitás ellenőrzése: ESP [elektromos járműstabilizációsprogram], , Kárpit: szövet/műbőr, Kartámla elöl,, Keréknyomás ellenőrző rendszer, , Kiegészítő LED oldalsó irányjelzők a külső tükörbe integrálva,, Kipörgésgátló [ASR], , Kipufogó rendszer: AMG, Kormánykerék: magasság-és távolságállítású, Könnyűfém keréktárcsa 19' [AMG], Központizár távirányítással, Króm csomag [belső], Külső hőmérsékletmérő, Külső visszapillantó tükrök elektromosan állíthatók és fűthetők, Küszöb: nemesacél, Lábszőnyeggarnitúra AMG, Légkondícionáló berendezés [ACC] automatikus,, Légzsák a vezető-és utasoldalon, fej-és oldallégzsákok elöl, ,, Mikrofilter [por-és pollenszűrő], , Pohártartó elöl, Pótkerék: pótkerék helyett abroncsjavító készlet, Rádió-CD: Audio 20 RDS MP3, Sebességszabályozó [tempomat], Sebességváltómű: 7 fokozatú automata kézi kapcsolási lehetőséggel, Stop&Start rendszer: a motor automatikus leállítása ésújraindítása, Szépítkezőtükör megvilágítással a vezető és az utasoldalon,, Szervokormánymű: sebességfüggő, , Színezett üvegek: fény és hővédő, Térdlégzsák a vezetőoldalon, Térdlégzsák az utasoldalon, Vészhárítók és külső tükrök a karosszéria színében, Fékrendszer: elektromos kézifék, ezüst színű féknyergek, növelt teljesítményű, Ülések: állítható magasságú vezető-és utasülés, AMG sportülések elöl, Világítás: automatikus fényszóró-bekapcsolás, LED fényszórók és LED nappali menetfény, LED-es hátsó lámpák, harmadik féklámpa",12 m,Not available,255/35 R19295/35 R19,"4,0 s",2016–,Hátsó kerék,Not available,270 kg,8 henger,V,3 982 cm³,4 544 mm,Not available,Nagykocsi,Not available,EURO 6,1 259 mm,630 Nm,"340 kW, 462 LE","7,8 l/100km",Not available,Not available,1 670 kg,Automata (7 fokozatú tiptronic) sebességváltó,2 fő,1 939 mm,2 630 mm,"9,4 l/100km","12,2 l/100km",302 km/h,1 940 kg,43 332 350 Ft,Benzin,65 l
Not available,Not available,Not available,Not available,Not available,Not available,Not available,Not available,Not available,Not available,Not available,Not available,Not available,Not available,Not available,Not available,Not available,Not available,Not available,Not available,Not available,Not available,Not available,Not available,Not available,Not available,Not available,Not available,Not available,Not available,Not available,Not available,Not available,Not available,Not available,Not available,Not available,Not available,Not available,Not available,Not available,Not available
5 ajtó,Not available,256 g/km,461 l,Not available,Not available,Not available,"12 V-os csatlakozó,, Ablaktörlő berendezés esőszenzorral, , AMG-Styling, Audio-rendszer 6 hangszóróval, Beépített segélyhívó rendszer, Biztonsági öv: ezüstszürke/bézs/piros, Csomagrögzítő oldalháló, Éberség figyelő rendszer - ATTENTION ASSIST, Elektromos ablakemelők elöl-hátul, Erőátvitel: összkerékhajtás [4WD], Fejtámlák elöl [2 db], Fekete tetőkárpit,, Fékrendszer: blokkolásgátló fékrendszer [ABS], , Fordulatszámmérő, Futóműkialakítás: sportfutómű PLUS, Garancia Plusz: 4 év / 120000km, Hátsó differenciálzár, Hegymenet asszisztens, Indításblokkolás, Információs rendszer: fedélzeti számítógép,, Járműstabilitás ellenőrzése: ESP [elektromos járműstabilizációsprogram], , Kárpit: szövet/műbőr, Kartámla elöl,, Keréknyomás ellenőrző rendszer, , Kiegészítő LED oldalsó irányjelzők a külső tükörbe integrálva,, Kipörgésgátló [ASR], , Kipufogó rendszer: AMG, Kormányzás: négykerékkormányzás [4WS], Könnyűfém keréktárcsa 19' [AMG], Központizár távirányítással, Króm csomag [belső], Külső hőmérsékletmérő, Külső visszapillantó tükrök elektromosan állíthatók és fűthetők, Küszöb: nemesacél, Lábszőnyeggarnitúra AMG, Légkondícionáló berendezés [ACC] automatikus,, Légzsák a vezető-és utasoldalon, fej-és oldallégzsákok elöl, , Memória csomag: ülésmemória, elektromos memóriás külső tükrök,, Mikrofilter [por-és pollenszűrő], , Pohártartó elöl, Pótkerék: pótkerék helyett abroncsjavító készlet, Rádió-CD: Audio 20 RDS MP3, Sebességszabályozó [tempomat], Stop&Start rendszer: a motor automatikus leállítása ésújraindítása, Szépítkezőtükör megvilágítással a vezető és az utasoldalon,, Szervokormánymű: sebességfüggő, , Színezett üvegek: fény és hővédő, Térdlégzsák a vezetőoldalon, Térdlégzsák az utasoldalon, Tetőkialakítás: Panoráma üvegtető, Ülésfűtés: fűthető ülések elöl, Vészhárítók és külső tükrök a karosszéria színében, Fékrendszer: elektromos kézifék, növelt teljesítményű, piros féknyergek, Kormánykerék: bőr sport 3 küllős, magasság-és távolságállítású, Ülések: állítható magasságú vezető-és utasülés, AMG sportülések elöl, Világítás: automatikus fényszóró-bekapcsolás, LED fényszórók és LED nappali menetfény, LED-es hátsó lámpák, harmadik féklámpa",13 m,Not available,255/45 ZR19285/40 ZR19,"3,4 s",2018–,Összkerék,Not available,450 kg,8 henger,V,3 982 cm³,5 054 mm,Not available,Nagykocsi,Coupe,Not available,1 442 mm,800 Nm,"430 kW, 585 LE","8,9 l/100km",Not available,Not available,2 100 kg,Automata (9 fokozatú tiptronic) sebességváltó,4 fő,1 953 mm,2 951 mm,"11,2 l/100km","15,2 l/100km",310 km/h,2 550 kg,50 311 000 Ft,Benzin,66 l
Not available,Not available,Not available,Not available,Not available,Not available,Not available,Not available,Not available,Not available,Not available,Not available,Not available,Not available,Not available,Not available,Not available,Not available,Not available,Not available,Not available,Not available,Not available,Not available,Not available,Not available,Not available,Not available,Not available,Not available,Not available,Not available,Not available,Not available,Not available,Not available,Not available,Not available,Not available,Not available,Not available,Not available
Not available,Not available,Not available,Not available,Not available,Not available,Not available,Not available,Not available,Not available,Not available,Not available,Not available,Not available,Not available,Not available,Not available,Not available,Not available,Not available,Not available,Not available,Not available,Not available,Not available,Not available,Not available,Not available,Not available,Not available,Not available,Not available,Not available,Not available,Not available,Not available,Not available,Not available,Not available,Not available,Not available,Not available
4 ajtó,Not available,Not available,Not available,Not available,Not available,Not available,"Belülről áll. k. vp. tükör [1 db], El.áll., fűth.k.vp. tükör [1 db], Fejtámlák [2 db], Fordulatszámmérő, Ködfényszórók elöl  [2 db],, Szervokormánymű",Not available,Not available,185/65 R15 87 H,Not available,1988-1989,Hátsó kerék,Not available,Not available,4 henger,Soros,1 997 cm³,Not available,Not available,Középkategória,Sedan,Not available,Not available,Not available,"90 kW, 122 LE",Not available,Not available,Not available,Not available,Manuális (4 fokozatú) sebességváltó,5 fő,Not available,2 665 mm,Not available,Not available,Not available,Not available,Not available,Benzin,Not available
4 ajtó,Not available,Not available,Not available,Not available,Not available,Not available,Not available,Not available,Not available,185/65 R15 87 H,Not available,1986-1988,Hátsó kerék,Not available,Not available,4 henger,Soros,1 997 cm³,Not available,Not available,Középkategória,Sedan,Not available,Not available,Not available,"75 kW, 102 LE",Not available,Not available,Not available,Not available,Manuális (4 fokozatú) sebességváltó,5 fő,Not available,2 665 mm,Not available,Not available,Not available,Not available,Not available,Benzin,Not available
4 ajtó,Not available,Not available,Not available,Not available,Not available,Not available,"Belülről áll. k. vp. tükör [1 db], El.áll., fűth.k.vp. tükör [1 db], Fejtámlák [2 db],, Katalizátor, , Ködfényszórók elöl  [2 db],, Szervokormánymű",Not available,Not available,185/65 R15 87 H,Not available,1989-1990,Hátsó kerék,Not available,500 kg,4 henger,Soros,1 997 cm³,Not available,Not available,Középkategória,Sedan,Not available,Not available,Not available,"77 kW, 105 LE",Not available,Not available,Not available,1 160 kg,Manuális (4 fokozatú) sebességváltó,5 fő,Not available,2 665 mm,Not available,Not available,Not available,1 660 kg,Not available,Benzin,Not available
Not available,Not available,Not available,Not available,Not available,Not available,Not available,Not available,Not available,Not available,Not available,Not available,Not available,Not available,Not available,Not available,Not available,Not available,Not available,Not available,Not available,Not available,Not available,Not available,Not available,Not available,Not available,Not available,Not available,Not available,Not available,Not available,Not available,Not available,Not available,Not available,Not available,Not available,Not available,Not available,Not available,Not available
2 ajtó,Not available,Not available,328 l,Not available,Not available,Not available,Not available,Not available,Not available,175/65 R14,"10,0 s",1993-1996,Első kerék,Not available,460 kg,4 henger,Soros,1 597 cm³,4 135 mm,Not available,Középkategória,Coupe,Not available,1 310 mm,136 Nm,"75 kW, 102 LE",Not available,Not available,Not available,1 035 kg,Manuális (5 fokozatú) sebességváltó,4 fő,1 680 mm,2 430 mm,Not available,Not available,190 km/h,1 495 kg,Not available,Benzin,50 l
2 ajtó,Not available,Not available,328 l,Not available,Not available,Not available,Not available,Not available,Not available,195/55 R14 82 V,"8,2 s",1991-1995,Első kerék,Not available,406 kg,4 henger,Soros,1 998 cm³,4 135 mm,Not available,Középkategória,Coupe,Not available,1 310 mm,178 Nm,"105 kW, 143 LE",Not available,Not available,Not available,1 129 kg,Manuális (5 fokozatú) sebességváltó,4 fő,1 680 mm,2 430 mm,Not available,Not available,210 km/h,1 535 kg,Not available,Benzin,50 l
Not available,Not available,Not available,Not available,Not available,Not available,Not available,Not available,Not available,Not available,Not available,Not available,Not available,Not available,Not available,Not available,Not available,Not available,Not available,Not available,Not available,Not available,Not available,Not available,Not available,Not available,Not available,Not available,Not available,Not available,Not available,Not available,Not available,Not available,Not available,Not available,Not available,Not available,Not available,Not available,Not available,Not available
3 ajtó,Not available,153 g/km,364 l,Not available,Not available,Not available,"Csomagtérháló, Elektromos ablakemelők elöl, Fejtámlák elöl-hátul [4 db],, Fékrendszer: blokkolásgátló fékrendszer [ABS], , Fordulatszámmérő, Gyermekülés előkészítés [ISOFIX], Indításblokkolás, Információs rendszer: fedélzeti számítógép, Keréktárcsák: 15'-os, Kormánykerék: magasság-és távolságállítású, Külső visszapillantó tükrök elektromosan állíthatók és fűthetők, Légkondícionáló berendezés [AC],, Légzsák a vezető-és utasoldalon, oldallégzsákok elöl, ,, Mikrofilter [por-és pollenszűrő], , kormányoszlopról vezérelhető rádió, Sebességváltómű: 5 fokozatú mechanikus, Szélvédőüveg: speciális fényvisszaverő,, Szervokormánymű: sebességfüggő, , Színezett üvegek, Ülés alatti tárolórekeszek elöl, Ülések hátul: csúsztatható és osztottan dönthető, Változtatható belső kiegészítő elemek, Vészhárítók és külső tükrök a karosszéria színében, Világítás: ködfényszórók elöl, Ülések: állítható magasságú vezetőülés, előredönthető utasülés",Not available,Not available,185/60 R15,"14,4 s",2005-2007,Első kerék,Not available,339 kg,4 henger,Soros,1 360 cm³,3 731 mm,Not available,Kisautók,Ferdehátú,EURO 4,1 620 mm,118 Nm,"54 kW, 73 LE","5,3 l/100km",Not available,Not available,1 215 kg,Manuális (5 fokozatú) sebességváltó,4 fő,1 686 mm,2 315 mm,"6,5 l/100km","8,6 l/100km",165 km/h,1 554 kg,3 730 000 Ft,Benzin,40 l
3 ajtó,Not available,150 g/km,364 l,Not available,Not available,Not available,"Csomagtérháló, Elektromos ablakemelők elöl, Fejtámlák elöl-hátul [4 db],, Fékrendszer: blokkolásgátló fékrendszer [ABS], , Fordulatszámmérő, Gyermekülés előkészítés [ISOFIX], Indításblokkolás, Információs rendszer: fedélzeti számítógép, Keréktárcsák: 15'-os, Kormánykerék: magasság-és távolságállítású, Külső visszapillantó tükrök elektromosan állíthatók és fűthetők, Légkondícionáló berendezés [AC],, Légzsák a vezető-és utasoldalon, oldallégzsákok elöl, ,, Mikrofilter [por-és pollenszűrő], , kormányoszlopról vezérelhető rádió, Sebességváltómű: 5 fokozatú mechanikus, Szélvédőüveg: speciális fényvisszaverő,, Szervokormánymű: sebességfüggő, , Színezett üvegek, Ülés alatti tárolórekeszek elöl, Ülések hátul: csúsztatható és osztottan dönthető, Változtatható belső kiegészítő elemek, Vészhárítók és külső tükrök a karosszéria színében, Világítás: ködfényszórók elöl, Ülések: állítható magasságú vezetőülés, előredönthető utasülés",Not available,Not available,185/60 R15,"13,6 s",2006-2007,Első kerék,Not available,362 kg,4 henger,Soros,1 360 cm³,3 731 mm,Not available,Kisautók,Ferdehátú,EURO 4,1 620 mm,133 Nm,"66 kW, 90 LE","5,3 l/100km",Not available,Not available,1 238 kg,Manuális (5 fokozatú) sebességváltó,4 fő,1 686 mm,2 315 mm,"6,4 l/100km","8,4 l/100km",173 km/h,1 600 kg,3 830 000 Ft,Benzin,40 l
Not available,Not available,Not available,Not available,Not available,Not available,Not available,Not available,Not available,Not available,Not available,Not available,Not available,Not available,Not available,Not available,Not available,Not available,Not available,Not available,Not available,Not available,Not available,Not available,Not available,Not available,Not available,Not available,Not available,Not available,Not available,Not available,Not available,Not available,Not available,Not available,Not available,Not available,Not available,Not available,Not available,Not available
3 ajtó,Not available,155 g/km,364 l,Not available,Not available,Not available,"Csomagtérháló, Easy csomag: automata klímaberendezés, esőérzékelős ablaktörlő,automata fényszóró, Elektromos ablakemelők elöl, Fejtámlák elöl-hátul [4 db],, Fékrendszer: blokkolásgátló fékrendszer [ABS], , Fordulatszámmérő, Gyermekülés előkészítés [ISOFIX], Indításblokkolás, Információs rendszer: fedélzeti számítógép, Kormánykerék: magasság-és távolságállítású, Könnyűfém keréktárcsák: 16', Krómozott kipufogócső, Külső visszapillantó tükrök elektromosan állíthatók és fűthetők, Légkondícionáló berendezés [ACC] automatikus,, Légzsák a vezető-és utasoldalon, oldallégzsákok elöl, ,, Mikrofilter [por-és pollenszűrő], , kormányoszlopról vezérelhető rádió, Szélvédőüveg: speciális fényvisszaverő,, Szervokormánymű: sebességfüggő, , Színezett üvegek, Tetőcsomagtartó sín, Ultrahangos parkolásirányító rendszer hátul, Ülés alatti tárolórekeszek elöl, Ülések hátul: csúsztatható és osztottan dönthető, Változtatható belső kiegészítő elemek, Városi csomag: tolatóradar, automatikusan behajtódóvisszapillantó tükrök, Vészhárítók és külső tükrök a karosszéria színében, Világítás: ködfényszórók elöl, Ülések: állítható magasságú vezetőülés, előredönthető utasülés, sportülések elöl",Not available,Not available,195/50 R16,"11,8 s",2005-2009,Első kerék,Not available,380 kg,4 henger,Soros,1 587 cm³,3 731 mm,Not available,Kisautók,Ferdehátú,EURO 4,1 620 mm,147 Nm,"80 kW, 109 LE","5,4 l/100km",Not available,Not available,1 216 kg,Automata (5 fokozatú tiptronic) sebességváltó,4 fő,1 686 mm,2 315 mm,"6,6 l/100km","8,6 l/100km",190 km/h,1 596 kg,4 440 000 Ft,Benzin,40 l
Not available,Not available,Not available,Not available,Not available,Not available,Not available,Not available,Not available,Not available,Not available,Not available,Not available,Not available,Not available,Not available,Not available,Not available,Not available,Not available,Not available,Not available,Not available,Not available,Not available,Not available,Not available,Not available,Not available,Not available,Not available,Not available,Not available,Not available,Not available,Not available,Not available,Not available,Not available,Not available,Not available,Not available
2 ajtó,Not available,Not available,Not available,Not available,Not available,Not available,Not available,Not available,Not available,Not available,Not available,1985-1987,Első kerék,Not available,Not available,4 henger,Not available,1 397 cm³,Not available,Not available,Not available,Cabrio,Not available,Not available,Not available,"42 kW, 57 LE",Not available,Not available,Not available,Not available,Not available,Not available,Not available,Not available,Not available,Not available,Not available,Not available,Not available,Benzin,Not available
Not available,Not available,Not available,Not available,Not available,Not available,Not available,Not available,Not available,Not available,Not available,Not available,Not available,Not available,Not available,Not available,Not available,Not available,Not available,Not available,Not available,Not available,Not available,Not available,Not available,Not available,Not available,Not available,Not available,Not available,Not available,Not available,Not available,Not available,Not available,Not available,Not available,Not available,Not available,Not available,Not available,Not available
3 ajtó,Not available,Not available,Not available,Not available,Not available,Not available,Not available,Not available,Not available,Not available,Not available,1987.,Első kerék,Not available,Not available,4 henger,Not available,1 397 cm³,Not available,Not available,Not available,Ferdehátú,Not available,Not available,Not available,"42 kW, 57 LE",Not available,Not available,Not available,Not available,Not available,Not available,Not available,Not available,Not available,Not available,Not available,Not available,Not available,Benzin,Not available
3 ajtó,Not available,Not available,Not available,Not available,Not available,Not available,Fejtámlák [2 db],Not available,Not available,155/82 R13,Not available,1990-1991,Első kerék,Not available,420 kg,4 henger,Soros,1 085 cm³,Not available,Not available,Kisautók,Kombi,Not available,Not available,Not available,"37 kW, 50 LE",Not available,Not available,Not available,880 kg,Manuális (4 fokozatú) sebességváltó,4 fő,Not available,Not available,Not available,Not available,Not available,1 300 kg,Not available,Benzin,Not available
Not available,Not available,Not available,Not available,Not available,Not available,Not available,Not available,Not available,Not available,Not available,Not available,Not available,Not available,Not available,Not available,Not available,Not available,Not available,Not available,Not available,Not available,Not available,Not available,Not available,Not available,Not available,Not available,Not available,Not available,Not available,Not available,Not available,Not available,Not available,Not available,Not available,Not available,Not available,Not available,Not available,Not available
Not available,Not available,Not available,Not available,Not available,Not available,Not available,Not available,Not available,Not available,Not available,Not available,1966-1990,Első kerék,Not available,Not available,2 henger,Not available,594 cm³,Not available,Not available,Not available,Kombi,Not available,Not available,Not available,"19 kW, 26 LE",Not available,Not available,Not available,Not available,Not available,Not available,Not available,Not available,Not available,Not available,Not available,Not available,Not available,Benzin,Not available
Not available,Not available,Not available,Not available,Not available,Not available,Not available,Not available,Not available,Not available,Not available,Not available,Not available,Not available,Not available,Not available,Not available,Not available,Not available,Not available,Not available,Not available,Not available,Not available,Not available,Not available,Not available,Not available,Not available,Not available,Not available,Not available,Not available,Not available,Not available,Not available,Not available,Not available,Not available,Not available,Not available,Not available
Not available,Not available,Not available,Not available,Not available,Not available,Not available,Not available,Not available,Not available,Not available,Not available,1963–,Hátsó kerék,Not available,Not available,4 henger,Not available,1 493 cm³,Not available,Not available,Not available,Lépcsőshátú,Not available,Not available,Not available,"40 kW, 54 LE",Not available,Not available,Not available,Not available,Not available,Not available,Not available,Not available,Not available,Not available,Not available,Not available,Not available,Benzin,Not available
Not available,Not available,Not available,Not available,Not available,Not available,Not available,Not available,Not available,Not available,Not available,Not available,Not available,Not available,Not available,Not available,Not available,Not available,Not available,Not available,Not available,Not available,Not available,Not available,Not available,Not available,Not available,Not available,Not available,Not available,Not available,Not available,Not available,Not available,Not available,Not available,Not available,Not available,Not available,Not available,Not available,Not available
Not available,Not available,Not available,Not available,Not available,Not available,Not available,Not available,Not available,Not available,Not available,Not available,1965-1973,Hátsó kerék,Not available,Not available,4 henger,Boxer,1 584 cm³,Not available,Not available,Not available,Ferdehátú,Not available,Not available,Not available,"40 kW, 54 LE",Not available,Not available,Not available,Not available,Not available,Not available,Not available,Not available,Not available,Not available,Not available,Not available,Not available,Benzin,Not available
Not available,Not available,Not available,Not available,Not available,Not available,Not available,Not available,Not available,Not available,Not available,Not available,1961-1973,Hátsó kerék,Not available,Not available,4 henger,Boxer,1 493 cm³,Not available,Not available,Not available,Kombi,Not available,Not available,Not available,"33 kW, 45 LE",Not available,Not available,Not available,Not available,Not available,Not available,Not available,Not available,Not available,Not available,Not available,Not available,Not available,Benzin,Not available
Not available,Not available,Not available,Not available,Not available,Not available,Not available,Not available,Not available,Not available,Not available,Not available,1967-1972,Hátsó kerék,Not available,Not available,4 henger,Soros,1 780 cm³,Not available,Not available,Not available,Lépcsőshátú,Not available,Not available,Not available,"74 kW, 101 LE",Not available,Not available,Not available,Not available,Not available,Not available,Not available,Not available,Not available,Not available,Not available,Not available,Not available,Benzin,Not available
Not available,Not available,Not available,Not available,Not available,Not available,Not available,Not available,Not available,Not available,Not available,Not available,1968-1972,Hátsó kerék,Not available,Not available,4 henger,Soros,1 986 cm³,Not available,Not available,Not available,Lépcsőshátú,Not available,Not available,Not available,"74 kW, 101 LE",Not available,Not available,Not available,Not available,Not available,Not available,Not available,Not available,Not available,Not available,Not available,Not available,Not available,Benzin,Not available
Not available,Not available,Not available,Not available,Not available,Not available,Not available,Not available,Not available,Not available,Not available,Not available,1971-1972,Hátsó kerék,Not available,Not available,4 henger,Soros,1 986 cm³,Not available,Not available,Not available,Lépcsőshátú,Not available,Not available,Not available,"70 kW, 95 LE",Not available,Not available,Not available,Not available,Not available,Not available,Not available,Not available,Not available,Not available,Not available,Not available,Not available,Benzin,Not available
Not available,Not available,Not available,Not available,Not available,Not available,Not available,Not available,Not available,Not available,Not available,Not available,1972-1974,Hátsó kerék,Not available,Not available,4 henger,Soros,1 986 cm³,Not available,Not available,Not available,Kombi,Not available,Not available,Not available,"74 kW, 101 LE",Not available,Not available,Not available,Not available,Not available,Not available,Not available,Not available,Not available,Not available,Not available,Not available,Not available,Benzin,Not available
